id,dni,name,year,month,day
1,2034682,Sabrina Colliber,397,6,28
2,31381573,Karlotta Skillicorn,527,12,18
3,47044899,Althea Reyburn,541,2,14
4,28940334,Zack Jaze,185,8,26
5,14655158,Maxy Gillatt,524,2,7
6,6208420,Erda Bissell,872,6,26
7,29951562,Red Selvey,1205,3,11
8,31071489,Mariam Gribble,835,12,7
9,48084674,Rod Gudahy,1320,2,27
10,27783339,Elvira Pinkney,917,7,1
11,35365859,Dollie Caldeiro,1448,7,5
12,23747098,Ofelia Sawyer,448,5,28
13,25243456,Sondra Rebert,1730,1,15
14,25213582,Roseann Husk,177,7,12
15,48347133,Megen Warrener,1084,3,11
16,33284532,Clevey Adkin,1750,10,28
17,243500,Carson Borres,30,12,12
18,48641604,Tommy Ralphs,1760,6,1
19,5616905,Felipe Coda,435,4,19
20,22887829,Venita Neads,583,11,6
21,41802258,Max McMurtyr,996,6,9
22,25619957,Byrom Bigrigg,629,2,16
23,8685833,Robenia Birt,695,7,3
24,10999891,Betty Brindle,117,10,7
25,46275445,Ruth Chaudrelle,508,2,12
26,14781759,Dall Pettigree,28,3,20
27,24398926,Goddard Lindman,1676,3,4
28,41517623,Ivar Fanton,481,2,5
29,40419187,Hyacintha Alliston,947,1,21
30,33358322,Judi Priel,1290,12,5
31,44823336,Lucinda Burnyeat,1015,1,6
32,15362562,Bryana Winman,1847,3,13
33,29355223,Saidee Camblin,1823,3,2
34,39021227,Kesley Hardey,1745,1,8
35,30761114,Claudelle Randerson,127,6,22
36,43195178,Godfry Gionettitti,1972,1,10
37,39615308,Wandie Wilber,570,5,10
38,41191856,Johann Quittonden,1136,2,19
39,7222058,Lyndell Paddington,687,10,17
40,33488183,Rebeca Roskams,1536,11,27
41,27588508,Orelle Gatchell,1574,6,17
42,34965837,Charley Cominotti,1250,12,23
43,42983576,Emmye Fulham,485,9,8
44,6597913,Terra Burdon,1012,9,9
45,44358920,Jose McCay,682,9,18
46,3799127,Keenan Carbry,800,6,23
47,8659010,Royall Daykin,518,11,14
48,10788417,Dale Gerler,434,10,10
49,5836608,Daryl Polo,1704,4,4
50,5584297,Hasty Allenson,1152,4,4
51,33439255,Ilsa Searle,1142,4,13
52,23111053,Ellynn Varah,750,2,25
53,15776153,Chariot Blundell,1571,3,23
54,29715981,Delinda Brasier,1670,8,18
55,21207752,Kale Reims,673,6,26
56,37337043,Norby MacCome,1196,6,17
57,6500442,Law Quakley,1548,5,5
58,49590679,Chadd Pracy,278,5,4
59,43392720,Livvie Duckels,763,1,1
60,23527204,Frannie Habbeshaw,551,12,3
61,14690770,Lynnelle Rivers,341,5,19
62,15889271,Charis Tschierse,370,3,7
63,6795921,Clare Bonder,204,12,18
64,37996356,Dewitt Varcoe,829,2,28
65,33796803,Myrvyn Hutchings,851,2,12
66,28450638,Bunny Strangwood,1628,5,21
67,10445924,Paddie Gerretsen,1315,10,9
68,27484376,Leonhard Wavish,378,9,10
69,48934421,Ellene Jakeman,1838,9,6
70,38372201,Sadie Danilovic,1880,10,15
71,5286807,Davine Kording,62,7,27
72,31059685,Tan Guillou,1083,1,3
73,47469017,Hobart Robic,125,11,26
74,41916620,Starr Scimone,368,4,16
75,8118081,Tallia Adshead,1506,2,6
76,28526573,Lara MacNish,1958,9,8
77,7046344,Luise Jenking,1242,1,26
78,36920033,Rodi Vanetti,896,6,6
79,47260854,Regan Cawthry,1653,2,17
80,14261052,Marcello Grzelak,772,4,14
81,7313274,Hestia Exton,1374,2,13
82,21250986,Cash Hrinchishin,1491,9,14
83,2910402,Gilberto Stanborough,1980,1,16
84,10485514,Herve Dando,1466,12,13
85,8025693,Essie Kix,229,5,13
86,48449365,Lissa McGirr,1897,4,20
87,4988494,Ode O'Connolly,690,9,9
88,6914049,Orson Seggie,1459,12,20
89,7559027,Bastien Negro,514,8,8
90,49752994,Odele Frankes,1222,2,15
91,13127216,Clive Estrella,1244,6,24
92,25773711,Diego Bare,935,2,20
93,45569165,Dulcie Sloan,830,4,25
94,18403174,Herman Hasloch,1925,3,10
95,12866721,Keefe Lambe,234,5,26
96,42999720,Darb Geratasch,709,3,12
97,44687969,Berget Gallyon,476,6,18
98,43319707,Rahal Farherty,991,5,11
99,31275336,Almeta Addeycott,1676,10,2
100,22534540,Sidnee Lezemere,1354,7,10
101,30378436,Zabrina Woltering,1151,12,22
102,12371153,Andi Fuentes,1802,11,27
103,18453198,Luelle Dommett,1248,2,4
104,9928670,Hailey Chaudret,1880,1,25
105,25700309,Tanney O'Callaghan,160,8,14
106,33147863,Clint Balassi,729,3,7
107,32444987,Heidie Ravilious,255,4,19
108,4477511,Cornelle Portinari,195,5,8
109,13730017,Bailey Malenoir,733,2,22
110,49803583,Donia Shire,1186,10,3
111,5851400,Dianemarie Witton,621,4,3
112,2391776,Charleen Jeffry,1125,6,11
113,25092881,Walden Isaq,1132,9,1
114,15812442,Linn Kintish,738,11,19
115,13081319,Ameline Arbuckel,1157,1,15
116,14516790,Odey Biswell,187,12,20
117,21772754,Ailene Cinelli,313,1,2
118,13652080,Marne Ramiro,1037,9,17
119,33068508,Marlena Wimpey,141,6,14
120,33829549,Jillene Downes,4,11,5
121,5689340,Bondie Manon,1172,7,28
122,10428490,Alyss Ventum,12,5,2
123,35793920,Neille Gruszecki,1057,7,8
124,23246200,Amelia Vamplew,1994,12,11
125,16216915,Johnathon Mundy,294,10,11
126,22254820,Netta Calafate,443,12,1
127,9059213,Matti Formigli,363,9,23
128,3059128,Dannie Redhills,527,4,19
129,44482326,Buiron Busby,1063,6,19
130,22694906,Mayor Janovsky,10,2,24
131,15736580,Lorenza Niemetz,1568,3,24
132,6249332,Jessa Brimm,1225,3,2
133,12642949,Arturo Vant,1079,4,7
134,16826969,Jeane Dumpleton,1395,3,25
135,13279936,Carrissa de Juares,870,12,13
136,25548428,Adora Trusse,469,11,23
137,33422670,Braden Lohoar,245,4,22
138,17201282,Isaak Germann,236,12,8
139,42066211,Valene Howbrook,613,9,26
140,43121607,Alyse Kift,819,6,13
141,31313525,Goldarina Wittering,108,1,23
142,1162649,Livy Boorer,856,10,24
143,47096248,Weidar Cheshire,1978,11,4
144,16564471,Rosalinde Cicci,1173,2,23
145,31282742,Alecia Malshinger,223,2,21
146,42586838,Emmey Brissard,348,5,8
147,28837208,Winonah Piggrem,1308,3,15
148,26473573,Irwin Sutch,556,11,12
149,4433439,Cherye Kellington,1425,7,20
150,48354130,Clem Ventum,1818,9,9
151,39891362,Whitney Juanes,809,4,2
152,46549380,Mariquilla McAvinchey,1305,11,16
153,47223514,Valentine Imorts,832,9,15
154,12360254,Henriette Wickmann,1286,5,9
155,3432734,Janela Learmont,502,12,9
156,27146868,Flo Ambrogetti,760,8,16
157,28770536,Terrel Huc,1502,3,8
158,48989732,Harv Keneleyside,1117,11,17
159,48375339,Karlotte Crofthwaite,1653,3,1
160,8482312,Nikki Pere,1586,5,26
161,27843367,Fanchette Caslane,207,7,28
162,19016335,Lexine Burbidge,1247,2,16
163,44260536,Cathe Shilburne,1721,5,17
164,40038282,Ulick Gare,741,2,27
165,26877605,York Dufour,498,6,22
166,31604354,Ray Paragreen,1075,1,27
167,2897035,Dotty Semkins,1245,6,9
168,16031691,Sigismondo Aitchinson,1027,2,7
169,15652773,Felisha Mawman,1241,4,2
170,37607330,Sheila-kathryn McKennan,1934,1,2
171,45325001,Penni Gillison,10,7,16
172,27375463,Garrett Kirckman,1956,6,28
173,49249580,Paxon Creak,798,7,28
174,7589461,Orsa Rosander,330,7,3
175,37887430,Marrissa Grunguer,882,6,26
176,36135159,Timotheus Sample,1062,11,18
177,23627250,Vita Kilgrew,1592,10,9
178,44309964,Fonz Mattke,1014,12,24
179,39500851,Pren Delle,1906,5,7
180,27486557,Helyn Orneles,1454,12,18
181,20123981,Sayres Duthy,941,10,15
182,1774051,Karyn Greir,1058,5,11
183,419717,Raphael Priest,362,8,14
184,21817566,Fletcher Dronsfield,1429,7,1
185,21487296,Chelsae Eames,1837,8,4
186,20641388,Gretchen Penwell,1452,9,13
187,27200078,Maura Duignan,999,4,3
188,41496339,Christie Southerell,1831,9,21
189,46109107,Ogdan Massy,1334,11,12
190,10324296,Anatole Sigert,1569,11,15
191,5561530,Kahaleel Bernardet,261,1,1
192,49796938,Cassy Geertje,1518,8,21
193,33246234,Cecilius Trevance,1324,5,27
194,46715997,Theodor MacMenamy,1011,5,16
195,36242758,Barrett Rowen,1660,6,23
196,5262110,Cybil Birk,1393,9,3
197,15358306,Rayna Saiger,1238,9,19
198,17263951,Lindsy Lydford,1907,4,21
199,28521812,Ambur Petruska,971,11,17
200,27454427,Conny Lukasik,18,8,22
201,22080289,Ninnette Missington,1990,4,16
202,49008560,Odelinda Avramov,330,6,20
203,413058,Carleton Baike,325,12,4
204,34781520,Inglis Bruyett,214,10,20
205,14476451,Liuka Babonau,1162,10,27
206,15098004,Jodie Kinker,821,12,28
207,12512743,Jayme Enoksson,1387,7,28
208,1128393,Gabriele Swanwick,1215,12,24
209,2607318,Claudian Chipping,223,10,8
210,45981373,Edeline Beddo,116,1,21
211,35036485,Sander Jensen,1658,8,10
212,1802282,Rhoda Houndesome,1375,5,7
213,5606992,Dorthy Beckensall,1568,9,22
214,43510014,Kay Cramond,257,10,25
215,11088743,Dottie Keenan,478,7,12
216,18180735,Charisse Ludvigsen,269,10,26
217,11200805,Rafaelia Permain,1639,4,2
218,14644935,Romola Oram,1910,4,27
219,20316865,Alayne Christofor,1107,5,2
220,14271551,Frederic Abramovici,1506,7,2
221,46298440,Janis Beardwood,596,6,4
222,44444480,Yuma McElmurray,720,5,9
223,17653947,Justina Hilland,1826,6,25
224,17240501,Gnni Fullerton,1983,7,24
225,33166440,Jarrod Deighan,47,9,23
226,19288469,Blythe Poundford,680,6,1
227,21983289,Ashley Paolicchi,681,2,6
228,2155871,Ezmeralda Dolligon,1027,2,18
229,2398758,Broddy Stutter,1380,2,14
230,6393485,Eleanora Danis,485,11,16
231,38370787,Crissie Dunne,94,12,11
232,20056903,Brenn Bridal,314,11,1
233,2136853,Jania Wallett,4,10,13
234,39914137,Edna Bird,1471,8,7
235,21887054,Remy Sherebrook,1095,5,20
236,19296754,Maribelle Di Pietro,210,9,9
237,19507252,Renado Gatehouse,847,6,19
238,39264423,Sonya Joncic,250,8,8
239,20105663,Phillida Sleeny,487,6,21
240,46025193,Sam Littefair,1388,12,4
241,9371888,Adella Overall,1156,2,1
242,8652586,Conny Perschke,791,12,22
243,39439343,Hyatt Alesio,881,8,25
244,31602857,Yasmin Worlidge,1952,7,14
245,47940071,Lauraine Lupson,136,7,7
246,26012496,Myrtice Diche,368,2,2
247,28342952,Syman Corday,669,11,11
248,49307138,Ripley Hatchette,1887,1,19
249,24302122,Fina Strong,1031,4,22
250,27881535,Glenna Mountney,1142,9,1
251,22555472,Nolie Grissett,1970,4,1
252,25103510,Meara Iacovaccio,1577,4,14
253,28428853,Ernie Buntine,1380,8,6
254,19932143,Doll Dauncey,60,5,20
255,21227228,Wylma Bartalini,1030,5,25
256,2072422,Klara Mayberry,880,5,16
257,25999597,Valli Kissack,1303,2,6
258,27597886,Clayborne Drains,1303,9,24
259,29367717,Joelle Rowledge,248,5,6
260,26987327,Madella Spraberry,1857,9,9
261,4792878,Leonidas Karoly,118,7,17
262,31234197,Ruthe Imesson,909,3,28
263,17849175,Thorny Antoons,135,6,4
264,39250071,Gerri Kollatsch,442,9,5
265,9106633,Calypso McClintock,1378,9,26
266,673146,Kassi Touhig,713,7,10
267,16607919,Gertrude Fogarty,1490,4,11
268,38023239,Johny Bamling,709,10,11
269,23248212,Ciro Steagall,1931,10,1
270,26944663,Ekaterina Narramore,582,3,2
271,32505273,Tim Padwick,909,9,24
272,33820558,Ilyssa Gowler,961,7,26
273,38471289,Heda Cluse,197,5,8
274,30298192,Butch Cramer,1141,10,26
275,1646130,Byron Otter,1478,3,15
276,19348394,Culver Tingle,857,10,15
277,2579715,Kipper McTaggart,780,2,3
278,30813533,Padgett Rowdell,427,8,14
279,36271686,Arni St Ledger,665,4,27
280,8478067,Gannon Whaley,1036,9,14
281,40244426,Milena Lawey,850,11,27
282,5080576,Katrina Marriner,1871,6,23
283,19035916,Gene Longworthy,1051,11,8
284,46749001,Vonny Matteini,8,7,2
285,36939641,Saraann Tofts,1744,6,22
286,23729906,Darwin Zarfat,789,9,17
287,10733590,Adolf Dows,99,7,19
288,25151858,Seamus Reisenstein,301,4,8
289,25645700,Viv Luddy,1792,6,3
290,43339249,Zorine Godlee,601,2,13
291,23194031,Odelle Housby,959,6,25
292,41623485,Odelia Di Carli,1114,7,13
293,211936,Zebulon Schultze,1360,10,10
294,40205669,Vonni Antonignetti,816,11,19
295,14912862,Cordey Headingham,254,4,10
296,10436745,James Hannaford,1888,10,9
297,26497024,Jeanelle Durkin,573,11,17
298,44831654,Dinah Cammocke,661,7,5
299,11348126,Inge Edward,1452,2,21
300,9774404,Paolo Jeske,976,4,19
301,5955913,Roarke Ridgedell,247,1,15
302,10571360,Coreen Dayborne,1949,5,15
303,49601814,Joyous Yarnley,1268,7,5
304,20621759,Nev Gormally,315,10,11
305,36931734,Jandy Pople,1058,1,18
306,14673285,Scottie Carlisi,1985,3,20
307,38861971,Shanna Joscelin,1015,9,9
308,1713380,Olivie Cowern,1954,3,23
309,4711020,Sharline Fosserd,676,2,5
310,15547258,Ryon Mulvey,561,5,11
311,45334685,Kent Spinola,1251,4,8
312,20176067,Morse Booth,916,10,18
313,39511699,Em Geertz,397,6,26
314,44648833,Danya Summersett,90,4,23
315,43731542,Irv Dornin,1010,2,10
316,4789372,Kleon Teall,16,4,13
317,11521559,Marcellus Kenshole,1526,10,26
318,44099907,Bradley Thornton,1787,4,8
319,22723743,Tyne Cogdon,641,2,5
320,35546660,Brenn Stopper,1379,4,18
321,27392659,Henry Muress,1577,12,3
322,12516449,Gabriella Garaghan,699,6,16
323,23686973,Alia Lemery,690,1,3
324,41842314,Jaquelyn Akerman,1327,3,24
325,32736643,Farra Goundry,1822,9,22
326,40532951,Devlin Briskey,610,9,5
327,26759586,Julio Boosey,1347,4,13
328,16861720,Nikoletta Duester,559,6,27
329,8218682,Clayborne Hazel,1179,2,17
330,35003092,Arlee Munnings,1922,3,27
331,12312096,Benyamin Duinkerk,929,8,17
332,4477691,Isaak Watkin,1240,7,15
333,32608627,Cally Scandrick,1140,4,9
334,42218907,Clemmy Leyre,51,11,27
335,33299962,Carlie Taillard,143,9,19
336,17438443,Cati Gipson,1190,9,8
337,3964554,Damaris Choke,38,12,5
338,49226025,Candie Osmond,397,5,4
339,12540771,Zed Jovanovic,1546,12,6
340,1642990,Lizette Yanshinov,1051,11,15
341,7016903,Donetta Meads,829,4,26
342,5309161,Wallis Yetton,461,1,14
343,11536387,Stefania Meharg,895,1,13
344,31577366,Mufinella Yea,1680,8,9
345,1255145,Amandy Goburn,242,9,26
346,17935748,Jozef Scedall,1270,6,20
347,38407858,Link Last,1026,10,3
348,20080744,Blaire Richardeau,934,1,11
349,37581246,Sherwin McCrostie,206,3,23
350,45820246,Osborn Cordero,189,1,25
351,36133895,Louella Magee,1128,12,14
352,44798813,Taber D'Agostino,611,2,19
353,37548165,Tiler Staning,1258,12,25
354,2712335,Jewell Willgoose,707,4,26
355,12113374,Myer Wisby,670,12,11
356,9860116,Gerardo Feuell,248,1,23
357,35919992,Iggy Muckleston,266,11,17
358,47288544,Lonni Garrod,1438,9,17
359,31789870,Jarid Fryer,487,7,21
360,5045928,Retha Ivetts,1011,3,24
361,42145654,Lesli Gettone,1165,4,1
362,28787549,Auroora Lanham,616,11,25
363,44899521,Creighton Gumly,113,12,22
364,17541519,Ilise Alabastar,1971,2,3
365,29111094,Sonnnie Nowick,492,5,5
366,9023755,Rowen Iacovucci,1521,6,16
367,43975670,Lindsey Chiswell,1347,3,2
368,4948156,Giralda Nibley,1514,7,25
369,20557342,Tabby Caverhill,1235,10,16
370,48190099,Elianore Sacaze,49,7,7
371,19017142,Dillon Devine,923,3,25
372,29718193,Mario Ehrat,903,9,17
373,19506181,Trey Kunisch,201,8,7
374,10519723,Rosene Jeggo,1740,9,6
375,41647436,Rozanne Elson,1079,6,25
376,39407261,Godiva Quinnell,888,10,9
377,49334459,Lucia Tattersfield,1161,3,6
378,46407095,Basia Gofford,23,12,1
379,14409580,Arlene Embury,1991,1,20
380,13603701,Florence Spreag,1888,6,24
381,30579309,Charmane Vannacci,30,4,19
382,19916882,Fanchette Eliasen,1047,11,7
383,16726686,Scotty Fry,299,8,23
384,16554732,Dinny Ethersey,1195,3,7
385,31187922,Alan Harral,863,7,3
386,4912539,Ewart Chellam,1718,1,20
387,2382092,Hogan Knowlton,69,4,4
388,27379478,Rennie Test,1016,1,7
389,26819548,Ellwood Treadgold,1076,5,15
390,19942690,Nicholas MacDearmont,201,6,2
391,49132057,Solomon Marzello,1901,1,11
392,2861954,Mireielle Valde,1640,10,20
393,47287077,Laurel Clench,473,8,9
394,49252988,Linnet Faldoe,1590,6,27
395,29947386,Clare Bridle,1786,3,17
396,6980184,Bil Stanistrete,1370,1,8
397,26556610,Kayla Juggins,446,4,8
398,9837914,Moises Sibson,1804,2,5
399,34618574,Adel Ebbitt,490,11,26
400,48506026,Paddie Brockie,1038,8,7
401,33129927,Tabbatha Gartshore,1346,11,13
402,22551199,Antonina Franzelini,841,4,3
403,27564826,Caesar Ponter,770,9,3
404,48107696,Bess Arntzen,861,4,9
405,2085383,Sheelah Hymans,16,8,16
406,46139909,Yves Fanshaw,783,12,7
407,49296832,Mandie Hardeman,1828,3,12
408,49551863,Agatha Burhill,309,8,19
409,5024172,Fran Strangeway,1809,1,28
410,7499310,Celia Mendus,1873,6,15
411,30624419,Herold Quakley,1485,5,23
412,19678948,Roze Leming,728,3,7
413,42355735,Inez Allicock,502,7,13
414,30340784,Allina Allderidge,1071,10,14
415,16089345,Aubine Meggison,64,12,4
416,2527544,Ashlen Glynne,56,4,17
417,8986408,Emily Sherringham,240,8,2
418,35420430,Case Keeton,944,8,3
419,6057680,Ileana Knill,71,1,20
420,40189647,Roz Tyers,1596,6,23
421,49527516,Brandyn Pepperell,1257,10,10
422,41471982,Sonnie Rosengart,1313,4,2
423,39417426,Robena Edghinn,324,6,20
424,38060842,Horace Asbrey,978,7,2
425,20411271,Temp Blase,1227,5,5
426,46375932,Tomasina Wolver,1042,3,6
427,27012189,Sally Lovering,842,8,22
428,22285319,Vickie Stampe,543,3,11
429,38620191,Gertie Kirvin,705,7,11
430,46132116,Rycca Guilaem,1683,9,3
431,11760886,Blakelee Tolcharde,981,11,11
432,10238747,Sada Peyntue,882,3,28
433,11998151,Ferrel McClifferty,1419,7,16
434,12648874,Donetta Hallan,153,4,1
435,16245652,Forester Havoc,1949,8,22
436,3566726,Karlan Hadye,350,10,3
437,7913214,Wanids Canfield,1410,12,23
438,8481723,Bess Jorio,1451,8,27
439,40155923,Rhys Chiplen,1215,1,11
440,15238014,Carley Darter,1227,11,6
441,16569979,Malorie Chumley,1649,9,26
442,9064406,Vinnie Peto,445,5,2
443,47190968,Archibaldo Eshmade,1855,6,16
444,47384797,Robbie Vahl,983,9,1
445,33236529,Rodina Cotter,1850,2,12
446,44427923,Vivi Helleker,1910,4,22
447,40661756,Clemmie Hannen,885,10,20
448,9586027,Sapphire Lowis,1751,12,8
449,6647865,Celestina Jobe,1056,6,25
450,9942915,Arabele Kleewein,1915,4,20
451,26035034,Ardelia Wraighte,2005,9,11
452,48363889,Yuri Hoggins,1609,11,16
453,22615676,Quentin Hallen,1,5,12
454,29337968,Demetri Klimushev,573,4,25
455,45853839,Emmett Sheraton,632,1,13
456,13021134,Kate Crooks,1970,3,19
457,8057863,Meriel Sweet,307,11,20
458,26903350,Lorri Meharg,837,10,16
459,17653171,Yolane Canton,1768,11,21
460,8488994,Algernon Dodell,136,7,16
461,31355882,Katharine Fligg,292,9,18
462,1462412,Melisa Overland,1469,7,9
463,1052293,Brandise Lopez,1540,12,15
464,6180249,Kimberli Canto,1623,2,15
465,45634525,Rhodie Mayer,1879,9,19
466,46787933,Timi Galey,1175,12,25
467,8424388,Laird Edwinson,268,3,24
468,14556438,Sutherlan Rodrig,1404,5,19
469,9682444,Carleen Polglase,1061,1,1
470,28120628,Renard Hantusch,1781,10,8
471,35976144,Lucky Nerval,1505,12,22
472,46771324,Denny Chucks,354,1,7
473,1128579,Parrnell Deering,567,8,12
474,3443656,Johnath Newick,405,12,23
475,16128449,Lisetta Rimmer,737,6,4
476,5920827,Alix Pietroni,162,1,17
477,21417883,April Beautyman,1978,3,3
478,20547557,Derek Cullington,479,12,5
479,17465204,Sylvia Cullerne,1647,2,21
480,28492020,Tito Shawe,1327,10,6
481,15214321,Gusti Hospital,66,7,2
482,113094,Dasha Assante,1194,12,18
483,24723404,Alvan Rustadge,1594,8,21
484,44521664,Carlye Stenning,1818,1,8
485,2236227,Papageno Galero,880,7,17
486,32796093,Barty Goodison,1325,7,6
487,31331221,Dennie Shier,712,9,11
488,4193887,Amanda McBryde,542,4,28
489,16444459,Corie Gerrietz,374,5,2
490,1143092,Ruy Rupke,1990,3,3
491,2936901,Emmye Yeld,989,3,10
492,11333112,Cloris Guise,1522,9,9
493,27008087,Tana Burgiss,499,2,20
494,36723059,Elle Machan,233,6,20
495,33828683,Nicky Cheson,608,8,20
496,25136776,Joane Jaffra,1310,6,24
497,6293192,Taddeo Zecchinii,1639,11,24
498,24492445,Blaire Aers,1291,10,16
499,18621668,Carree Sabate,300,5,23
500,44130322,Hilliard Whewill,508,9,26
501,36623352,Lynne Sutherel,1248,11,3
502,38592898,Errick Dottridge,836,7,2
503,28555236,Theo Livingston,75,5,17
504,33533208,Eveline Yegorev,1843,6,24
505,21794779,Luis Bagwell,1300,1,9
506,1183306,Wilhelmine Humpherson,241,1,22
507,9772402,Merwin Klimschak,1552,7,23
508,39262738,Yolane Agate,1659,8,4
509,33926185,Cyrillus Cansdall,728,3,2
510,35451720,Osbert Sautter,1777,4,4
511,20503770,Burch Giabuzzi,1754,11,24
512,16767883,Reginauld Suller,644,10,13
513,43777492,Lilias Kerwen,313,2,23
514,45540692,Willow Fluck,1637,9,23
515,44373318,Emery Darrach,813,8,6
516,48661281,Tabitha Farnham,1326,9,11
517,13279482,Elvira Falconer,677,11,15
518,34039321,Davina Badcock,1654,1,21
519,20698738,Maurizio Rosin,320,5,5
520,7371274,Norine Glendining,1766,9,17
521,28322752,Gaven Heindle,1134,10,2
522,36235484,Jeffry Myring,1574,7,17
523,23955715,Yoshiko Neilus,19,7,25
524,31971199,Paxon McIsaac,908,10,20
525,25762181,Carola Freyne,776,10,18
526,16156910,Hedda Wrightem,275,5,15
527,6857384,Leanora Double,1002,4,19
528,24383130,Misti Blore,1026,4,15
529,15458212,Steffi Strangman,660,7,3
530,8791582,Dell Bartosinski,170,5,18
531,24165536,Damara Vasyagin,420,9,14
532,24070202,Donia Francombe,774,5,21
533,8643181,Alana Mellers,427,6,9
534,20415407,Merell Weller,1962,2,25
535,9658365,Bar Daen,1775,5,14
536,30092493,Wald Akroyd,1935,6,12
537,22021295,Terri Oliphard,177,11,23
538,1659191,Conan Aubery,1504,5,23
539,35517772,Eileen Applewhaite,1328,8,4
540,473790,Romy Imlaw,497,11,27
541,26346077,Forster Cummine,948,1,19
542,46979557,Annissa Lashford,1422,10,16
543,6183158,Tremaine Kedge,1139,4,8
544,17284505,Cristabel Exeter,802,1,4
545,15312282,Ingamar Gentsch,526,9,14
546,7734266,Wallache Scardifeild,1476,10,13
547,40253557,Inna Dilliway,997,11,18
548,41972768,Meg Sprigging,267,3,9
549,23722534,Abba Cominoli,330,10,22
550,32081882,Robinetta Stoffer,1680,8,7
551,3074180,Marabel Outhwaite,620,9,10
552,41978183,Cordie McArthur,105,1,21
553,8223431,Mina Gypps,695,1,21
554,1463095,Felita Houselee,1228,2,13
555,46743240,Bary Philbrick,1784,5,9
556,18601998,Giana Foulis,898,12,12
557,33804292,Humphrey Hessay,633,6,13
558,29905462,Erminia Filpi,1517,4,17
559,29793351,Normy Eldershaw,22,12,10
560,18920777,Janey Harriott,639,11,1
561,28007751,Ginger Berth,1972,8,8
562,35171800,Godwin Mewhirter,1218,10,18
563,27537617,Archibaldo Stickney,1524,8,23
564,30659810,Harcourt Niess,1009,2,8
565,10965371,Xerxes Whiles,1941,6,10
566,17288876,Charis Bleythin,642,9,27
567,21591082,Peri Overlow,1317,10,17
568,41571343,Octavius Bofield,1121,9,11
569,1567389,Nananne Marshal,83,1,13
570,22830408,Pierre Merrien,444,3,17
571,2779768,Corey Denisot,1415,8,17
572,19252143,Ulrikaumeko Lambell,1989,12,20
573,33959017,Rory Von Helmholtz,759,4,18
574,4605743,Tammi Yanukhin,1672,3,6
575,34049760,Jessalyn Skupinski,677,10,11
576,40460736,Barney Mullins,278,1,22
577,21012195,Leeland Boarleyson,15,8,26
578,35506108,Malinde Bettaney,517,2,1
579,25651085,Sonni Morehall,468,11,2
580,30630152,Alvie Aplin,1288,11,20
581,28116053,Frants Larn,2007,12,11
582,25600699,Traver Tutill,1189,11,10
583,19277428,Laurie Dumbrell,782,1,19
584,32782451,Denna Issacoff,805,5,10
585,21427721,Paddy Greedier,1060,5,16
586,45206509,Ogdon Scarsbrick,1435,1,25
587,8310375,Quinton Dalligan,728,1,12
588,43504466,Harrietta Beach,1373,2,27
589,40715919,Hildy Oloman,1628,7,4
590,3667847,Estella Hyatt,800,12,26
591,33820387,Jacinda Kehoe,759,5,27
592,17808764,Wini Beale,87,5,2
593,33003451,Christian O'Cahsedy,791,5,16
594,19447568,Janella Withrington,1524,1,1
595,9158995,Sebastian Pollak,605,2,4
596,5200755,Mandi Antonazzi,1728,8,18
597,34661133,Enrico Dummer,1103,4,4
598,20698673,Moreen Mackerel,217,9,12
599,11289755,Kenn Featley,1552,8,11
600,19757942,Arron McNeely,1342,6,7
601,7865732,Camellia Pellew,1931,12,3
602,25936970,Elyssa Worcester,273,2,19
603,12738791,Levi Enderson,1174,11,9
604,8521566,Dasha Tooley,1106,2,28
605,48261049,Ellswerth Quarrell,1789,7,3
606,36766802,Piggy Pattingson,1300,10,17
607,23645356,Floyd Grinley,1778,9,14
608,36019828,Zorana Kitchenside,1706,9,21
609,32330476,Nikos Rimington,1234,1,23
610,6481240,Rowena Cakes,532,5,6
611,26893849,Ariana Bagnell,668,4,5
612,48905537,Frederigo Gulston,1736,7,12
613,30955233,Bobby O' Bee,467,7,16
614,29609280,Gerardo MacDirmid,829,12,28
615,5324400,Hans Cloney,916,2,22
616,45058215,Beale Hockell,1703,3,11
617,11838850,Arnoldo Touzey,432,8,11
618,31342552,Thornie Simeoli,344,3,14
619,11483145,Bidget Giacomuzzi,1590,2,6
620,18804520,Alphonso Botly,365,6,10
621,48806242,Raven Attreed,336,10,28
622,41539098,Carmina Gibbens,1199,8,26
623,3821988,Ethyl Elven,600,9,13
624,37048106,Dorella Lowbridge,1168,8,19
625,36270440,Tremayne Antonchik,21,4,14
626,20724529,Charmain Creer,477,4,15
627,35318821,Payton Mustill,939,11,7
628,802616,Mikaela Somner,253,11,11
629,32844740,Lilas Delahunt,1762,4,7
630,7922033,Des Anthoney,905,12,4
631,45271895,Gipsy Elix,470,8,5
632,8054044,Mayer Congreve,1266,3,9
633,16684849,Wynn McDuffy,514,6,8
634,5939920,Ermin Heakey,1769,1,10
635,48307526,Gun Phalip,1229,4,22
636,10133054,Xavier Reffe,1102,10,15
637,18008891,Rivy Klimkovich,1879,8,2
638,31458377,Sandra Sergeant,1128,8,8
639,29203435,Marnie Duplan,1731,4,3
640,35045117,Vittorio Astell,885,4,4
641,34634452,Freeland Mizzen,1456,8,20
642,28159615,Roxana Gillebert,212,12,13
643,18931013,Ainslie Qusklay,879,11,6
644,12905508,Bernice Quixley,1141,4,6
645,8111664,Raf Maddern,1007,8,27
646,41320847,Deerdre Oventon,1624,11,25
647,21603523,Meghann Drennan,1717,1,11
648,43872913,Ferdy Rusted,1923,5,19
649,44702875,Brooke Pendleberry,1726,4,3
650,43963137,Orella Canty,951,6,21
651,47729623,Brod Raden,1019,4,6
652,48372735,Malinde Robken,1122,9,26
653,42577944,Hugh Dadge,1532,7,16
654,47385424,Elora Butterworth,657,5,12
655,9514977,Roger Negro,544,11,5
656,20822445,Ginny Sapp,417,9,5
657,17083376,Amalee Michelle,166,8,13
658,12707933,Adan McGettrick,1221,8,25
659,44318216,Konstantin Petschel,563,7,1
660,20304381,Ailey La Wille,1226,7,13
661,4530183,Sherri Eubank,861,5,11
662,26620140,Rasla Etchingham,206,6,15
663,15208240,Blinny Bradbeer,1121,1,2
664,12074016,Tamarra Llop,135,12,20
665,40130616,Titus Rounds,1188,9,27
666,48362991,Harold Sulman,210,5,18
667,31747398,Dalton Foss,1198,3,20
668,38306773,Elke Warlock,1171,12,4
669,40277386,Everett Bohler,1227,6,5
670,47083677,Natale Ainsby,203,1,6
671,35717973,Nonah Werrett,588,10,17
672,39673287,Linnell Tilsley,1633,6,23
673,3382474,Mil Hinrich,344,12,23
674,42393367,Burnard Rowlinson,167,11,24
675,3729771,Herve Goldspink,1977,5,13
676,9040455,Min Vears,1360,12,25
677,4070651,Quentin Stiling,2011,6,23
678,487257,Keane Kindleside,193,2,13
679,38087014,Tim Metzing,150,1,27
680,33667284,Claire Jerrim,1658,2,3
681,30443115,Anselm Ginglell,200,3,5
682,34391122,Lavena Lucien,656,1,22
683,24806859,Melita Pretswell,1714,1,2
684,7166345,Wallis Anderl,547,12,17
685,36996204,Schuyler Heyworth,7,12,28
686,33246347,Seward Pennock,404,5,28
687,46048585,Fidela Domican,1485,9,27
688,35923539,Charlean Florez,1021,2,21
689,4864229,Maybelle Mengue,484,4,2
690,24911236,Jeni Pawling,1655,4,4
691,19167460,Dorelle Haselgrove,1890,8,17
692,34880344,Bobby Francescoccio,1467,3,10
693,35855014,Dareen Scarsbrook,723,7,13
694,38180279,Jae Bohman,1334,5,10
695,31101312,Prudi Bugbee,1918,5,11
696,34026436,Karoly Debell,997,8,6
697,19036054,Obadiah Corington,232,5,20
698,16750232,Rhody de Villier,687,2,9
699,43261061,Rochester Wharrier,1672,11,21
700,14450909,Henrie Chipping,1178,2,14
701,47163221,Spence Milier,536,11,23
702,14744715,Ingunna Wormald,300,2,10
703,12144685,Gabrila Fieldgate,212,9,14
704,4287137,Alberta Menichi,626,6,4
705,19024524,Kaila Llop,1279,2,20
706,9453754,Dannye McFade,541,4,1
707,17535267,Roxie Watts,725,4,3
708,26832804,Brew Wadwell,839,8,20
709,27837759,Travis Kemmis,1504,11,7
710,39520098,Brett Fordham,1326,11,23
711,37627569,Beau Saines,750,11,20
712,21849888,Toma O'Loghlen,741,10,15
713,4166563,Anthe Trevear,1314,12,23
714,31071706,Maribelle Union,1623,1,14
715,13448283,Cindy Tomanek,265,4,5
716,40083124,Melisande Fogarty,429,7,3
717,1666835,Andy Jedrzejewsky,524,5,8
718,40170300,Elicia Brogi,402,8,24
719,6710035,Ronda Ridhole,1763,12,7
720,570060,Di Fetteplace,1118,5,3
721,43777697,De Speke,1578,6,2
722,30344314,Freedman Losbie,170,7,17
723,45364968,Cher Losel,1729,9,2
724,3061292,Francesca Levane,1453,8,13
725,34363863,Guglielma Clapison,1257,7,15
726,28515625,Anthiathia Ventum,480,2,9
727,23451050,Ruthie Ballchin,1156,3,4
728,6411626,Edgar Marti,484,12,2
729,15677113,Caren Bentham3,1393,10,24
730,7369093,Rafaellle Gilbane,1894,12,14
731,46376807,Pernell Eaglesham,191,10,10
732,10928421,Lotti Langland,630,1,11
733,10805465,Anestassia Greatex,61,10,10
734,48248114,Herc Bockh,40,7,26
735,30171719,Nev Rennard,173,10,1
736,12300392,Darsie Handke,790,11,18
737,39293337,Munroe Le Marquand,933,1,28
738,45574847,Glori Wetheril,1723,6,25
739,46136021,Ollie Oldershaw,331,9,1
740,215777,Antonella Duckerin,383,4,23
741,49040794,Jan Trebbett,1779,3,9
742,14108819,Sean Piell,260,1,11
743,33983734,Joscelin Dyos,1965,6,22
744,5612903,Melinde Blaschek,1314,1,18
745,4793993,Hubey Tungate,1719,7,4
746,49311671,Catherina Holdworth,1822,2,12
747,45299466,Nonie Saltsberg,44,12,3
748,18437505,Efrem Kerins,1335,6,7
749,20208886,Nollie Oglesbee,955,5,2
750,37620227,Gwennie Tattershaw,1898,4,25
751,25523558,Lucy Latliff,750,1,5
752,8165573,Norrie Shieldon,1028,9,8
753,38503370,Minnnie McCullagh,251,2,22
754,48446963,Mendie Toleman,1273,9,10
755,14752815,Wayland Willimont,493,3,19
756,28009146,Thomasin Lunnon,1892,1,18
757,38912293,Lynnette Verbeek,1289,9,12
758,32019827,Angelina Massingham,1389,9,13
759,27181336,Jacquelynn Baine,1509,12,22
760,32848610,Stephannie McEvilly,1351,3,21
761,32503340,Angele Pearcehouse,662,2,9
762,23228482,Dasha Muldowney,750,12,19
763,39716457,Issy Menicomb,1430,2,3
764,35844859,Vina Crimin,1548,5,18
765,46316392,Adolph Spragge,1718,9,1
766,44953518,Cameron Balshaw,1429,11,28
767,35973957,Gloria Nardrup,1379,11,25
768,45510206,Doy Zeale,1251,10,19
769,24579285,Guntar Aloshechkin,1558,2,20
770,20556989,Fionna Skillitt,799,9,26
771,3653304,Seth Luesley,375,7,6
772,33705251,Culley Agius,350,11,2
773,34889712,Gayla Chamberlain,883,8,4
774,1869126,Marlyn Rosenauer,73,10,13
775,42704795,Andromache Forcade,1592,11,6
776,28459705,Elke Tofful,523,4,10
777,11487287,Andriette Janauschek,1916,2,15
778,23279031,Audry Alexsandrovich,749,4,14
779,43516151,Jesse Mirando,1130,3,28
780,28541902,Amalia Whiteoak,880,4,20
781,42392728,Ortensia Ogborn,329,4,20
782,44995947,Randa Aspinall,1332,2,2
783,16160189,Demetrius Ropartz,663,9,21
784,44653523,Celestia Kendell,1025,6,26
785,5197942,Opal Bergin,182,6,2
786,45400228,Annmaria Wandrack,1164,10,23
787,12393993,Anetta Carcass,1751,7,11
788,5504607,Reese Castelletti,360,12,24
789,46616197,Yance Dawbury,1519,11,19
790,28672282,Mathew Ingre,1654,10,21
791,13339035,Erica Nock,1527,5,5
792,5435304,Benedetto Edelston,67,12,16
793,41657275,Augustine Droogan,1353,8,11
794,29882755,Alena Lorman,22,11,20
795,45158122,Merrill Cancellieri,1947,2,23
796,46352594,Loren Parradye,1992,1,28
797,2201998,Rosalyn Morigan,1223,1,7
798,34444840,Whitney Boyton,1364,3,23
799,28896249,Emmie Gather,1852,5,3
800,11106377,Amabel Coners,29,1,22
801,8405570,Bernardine Leyman,1976,2,27
802,21200515,Carin Mecco,1847,6,19
803,6110504,Lorrin Songist,1852,2,15
804,43870252,Clio Beyer,1812,11,27
805,14026720,Else McHugh,898,11,16
806,24891911,Opal Gillivrie,1431,10,21
807,37807873,Maxine Jeannesson,286,9,22
808,33454454,Reggie Noyce,1442,9,4
809,23684626,Meta Foskett,1888,6,21
810,39504957,Charita Duinkerk,604,11,22
811,16182257,Lexine Cancellario,525,5,13
812,19946619,Mark De Luna,696,6,12
813,14400584,Aldon Krinks,1301,2,25
814,43148676,Brandy Tainton,1309,3,27
815,26035464,Collette Bercevelo,788,8,10
816,19036830,Alison Reville,1208,11,23
817,19552320,Dianne Halson,1468,6,12
818,28000665,Felipa Kidner,232,3,26
819,15747665,Benita Clemot,455,5,4
820,24384888,Corabelle Patek,1426,6,25
821,48229097,Hagan Pechet,609,8,26
822,37786016,Sabra MacCurley,599,7,24
823,35104258,Felipa Upsale,117,1,19
824,47658828,Layla Mayling,1157,9,24
825,244178,Franny Doogan,1359,5,20
826,32147895,Gerome Hatchette,440,3,12
827,15958734,Meaghan MacKellar,288,12,19
828,33674298,Nester Thorouggood,238,3,11
829,106933,Caroljean Tourle,1019,12,25
830,37698413,Scarlett Southway,943,6,11
831,31702575,Brynn Bartholomaus,1565,11,18
832,38239825,Trent Boerder,692,7,5
833,25399582,Dedra Adamkiewicz,1919,5,5
834,31612364,Teodoor Geertsen,942,1,7
835,28707517,Delphine Capin,1369,4,23
836,44685715,Mavis Newbegin,1135,7,25
837,31113334,Bonny Rankin,1354,10,1
838,46847119,Gayelord Krojn,1472,1,18
839,34747939,Bernete Patullo,1675,9,19
840,15482095,Tanney Hookes,992,6,17
841,7432046,Rourke Pollock,645,1,22
842,32309635,Webster Muckley,255,4,8
843,20202802,Giulio Weedenburg,140,6,18
844,13980459,Eddie Jeeves,1638,12,22
845,5461098,Daffi Gresser,1186,4,16
846,15106203,Keir Bodycote,1566,9,3
847,24589911,Mattie Sharphouse,184,12,3
848,5818942,Helsa MacShirrie,783,2,18
849,23215150,Aland Wildey,1318,10,23
850,40590957,Brook Robken,741,12,27
851,13110283,Darby Simioni,119,12,11
852,30467251,Angeline Cudiff,627,11,19
853,1588334,Trudy Freak,1838,12,11
854,38721602,Ketti Fountain,925,5,15
855,27136276,Gert Knottley,1766,6,27
856,49315173,Kellina Trousdale,1462,9,7
857,1321666,Harv Brushneen,1995,4,26
858,49415547,Merwin Kennham,1381,2,17
859,44897407,Salem Masarrat,1241,2,3
860,3431721,Mathe Fairy,1424,10,19
861,43829294,Denys Brenstuhl,1840,1,6
862,49353945,Saunderson Gilardoni,858,1,20
863,32001282,Karleen Poulglais,1044,12,6
864,10179395,Joann Whitticks,1673,12,12
865,14191725,Lurlene Dyers,1155,10,25
866,8038070,Rebecca Langrish,214,5,3
867,27354491,Elisha Cawdron,1295,6,16
868,19387815,Jacky St Pierre,1208,10,8
869,38494420,Alana Croux,1422,3,22
870,47436723,Blisse Halsworth,1284,6,22
871,35823506,Cicily Fromont,1950,5,23
872,20021361,Alvira Roseveare,136,4,18
873,6020309,Zelig Bowkett,1690,4,6
874,36150212,Leela Cookman,1427,9,2
875,22867508,Rosanna Tuttle,744,1,6
876,36003304,Carmine Wadhams,1806,9,15
877,41445497,Julie Dowdney,729,5,27
878,7228464,Manny Nafzger,1178,9,18
879,27531028,Max Aymerich,1988,8,17
880,46861344,Sheffield Jendrusch,348,8,26
881,40842889,Gilberta Stickel,1847,7,1
882,47907426,Kippar Booeln,1323,11,17
883,49475548,Amalie Laybourne,1664,11,22
884,20575301,Leonelle Scarce,1009,12,11
885,39413832,Cello Carlisle,16,5,11
886,22186019,Jourdain Reven,104,7,24
887,15429188,Garey Scrowston,1918,8,14
888,6377638,Willabella Ventham,264,2,12
889,28683508,Franklin Dugood,1088,12,22
890,12872121,Gabriell Putt,72,1,2
891,22557668,Godfry Turnell,1687,5,27
892,23345938,Rowena Leaton,689,7,2
893,2754428,Ronda Lune,356,5,21
894,46264535,Lucie Sharples,111,3,1
895,46795090,Tracey Stockill,1584,10,15
896,11855488,Tanney Foskew,736,4,9
897,46869708,Janet Guttridge,1441,2,3
898,40222721,Durand Pettisall,115,7,21
899,14033407,Randee Nannini,1555,10,24
900,21230699,Lauralee Danaher,552,7,16
901,48370843,Welbie Faye,783,11,24
902,24078963,Salomi Doy,353,6,20
903,42882866,Noel Cracoe,624,12,21
904,4838641,Rhianon Loxley,1110,6,22
905,45945972,Codi Slyman,1752,8,9
906,36704053,Ciel Mountcastle,1540,3,24
907,31513681,Ody Huffy,1404,5,12
908,7014296,Minta Mutton,1979,3,23
909,25545254,Hewet Moulsdall,1215,10,2
910,27269282,Dana Roderham,846,2,4
911,6615062,Nellie Sylvaine,143,7,4
912,29435456,Conant Huton,1018,12,22
913,47672903,Anselma Catton,1540,6,23
914,44753479,Con Prestney,674,9,15
915,19763918,Jana Ariss,1377,7,5
916,34847195,Gill Gammons,1597,5,26
917,30177570,Claus Santon,1339,6,6
918,13800747,Ike Methringham,1927,11,13
919,29879456,Nadine Stave,511,3,25
920,12281336,Wendell Berge,1514,12,15
921,37115017,Pavlov Drinkel,1729,10,21
922,25274144,Babb Ricards,1192,10,8
923,448421,Tynan Kestian,941,9,9
924,40467394,Teodoor Tallyn,468,12,23
925,42577641,Koralle Clemot,171,3,11
926,30907216,Tuesday Cossor,742,8,13
927,29891517,Garrett Cuss,429,5,6
928,22127366,Myranda Ackerley,1801,12,28
929,30333696,Jillana Beeho,1918,4,22
930,12015070,Channa Fairholm,1964,4,23
931,28351754,Ettie Sherme,1909,3,6
932,41542279,Jessie Wyre,629,10,25
933,38669483,Inga Mertsching,1607,11,25
934,3911963,Hercule Kuhwald,914,9,8
935,34140197,Harlin Withringten,1473,10,20
936,813481,Andie Sproul,1947,11,3
937,40928309,Aymer Canti,1488,8,5
938,44391432,Angelique Winckle,250,12,24
939,33634189,Hayward Lackington,894,7,9
940,33061798,Alys Jowett,261,5,1
941,19358632,Drusilla Asche,1558,3,8
942,23175278,Hansiain MacGilmartin,1565,2,11
943,5540688,Fayre Tearney,47,2,2
944,15658704,Clayson Klos,37,11,12
945,48817398,Tull Jehu,1325,4,7
946,33932260,Martie Canet,1758,10,23
947,13330664,Ophelia Kinghorn,1999,5,2
948,26724009,Dougie Stansell,1090,3,24
949,33254968,Olive Andreopolos,1659,5,5
950,49709717,Davin Hobbema,1685,3,28
951,38342964,Eduino Patzelt,243,2,1
952,46425827,Rosy McCann,1801,5,4
953,11081426,Gerda Claibourn,939,10,25
954,15359145,Garvey McGiff,1962,6,13
955,13915644,Malcolm Tring,1120,8,9
956,39495326,Orazio Macbeth,1509,5,11
957,5199242,Henrie Widdup,914,7,22
958,36313095,Allyson McMichell,460,9,3
959,18285693,Phyllida Phillippo,846,6,18
960,3423029,Koren Bodesson,475,11,11
961,25871516,Hercule Sauven,1041,12,9
962,26042104,Belia Lints,1256,10,6
963,13602026,Demetre Dudeney,1985,2,19
964,29884952,Kora Stodd,1749,4,25
965,57681,Marianne Hambridge,1229,10,26
966,13011737,Keriann Ponting,567,11,28
967,22275873,Brit Ludl,265,1,23
968,19354179,Theodor Dankersley,1373,11,22
969,5440026,Rupert Skingle,1711,7,19
970,32194863,Sacha Wiggins,954,6,26
971,3515590,Derick Tattersfield,1613,5,18
972,41681948,Will Locksley,1402,5,26
973,26425330,Janenna Shurrocks,889,5,2
974,32524137,Michaelina Abby,1090,10,23
975,48718277,Myrtia Boggis,1906,10,15
976,26339415,Odele Ladyman,1787,1,16
977,34791603,Dasha Mattiessen,1858,7,19
978,15069330,Cirillo Rey,1318,8,10
979,23095631,Susannah Markovic,1105,8,9
980,45067962,Francesco Sinnett,1108,4,9
981,10667979,Becki Colicot,1058,10,6
982,8164414,Vivienne Marchment,1071,8,24
983,34204776,Westbrook Kettles,400,6,28
984,46490497,Fairlie Kiely,1473,1,5
985,33363962,Carmen Pyper,1264,7,26
986,15054945,Felizio Irving,359,5,16
987,2340702,Margareta Penwright,1447,12,4
988,9148654,Joly Langdale,1354,3,2
989,23301424,Gusti George,515,1,27
990,20208074,Hyman Faircliff,1833,2,17
991,43032921,Fabiano Pengilly,1292,9,7
992,36671474,Wynne Squeers,1750,1,17
993,36861184,Shara Ilymanov,554,10,8
994,5473714,Sileas Bazek,38,9,12
995,32461756,Georgie Worvell,1948,1,2
996,11134841,Jami Elleyne,525,4,15
997,43403048,Edd Shewen,1917,11,5
998,8100894,Michele Troillet,1896,4,12
999,8494649,Stephenie Krauze,1411,10,18
1000,11286126,Jelene Cushworth,1415,8,24
